項次,事業單位,行業別,災害類型,罹災人數,業主,工程名稱,場所-肇災處,地址,勞動檢查機構,發生日期,備註
1,宸茂營造有限公司,營造業(),物體倒塌、崩塌,1,交通部高速公路局第二新建工程處,國道高速公路後續路段橋梁耐震補強工程(區段1-1)第M37A標,P3橋墩擴座補強之圍堰及施工構台處,-,勞動部職業安全衛生署南區職業安全衛生中心,107/12/31,交通部
2,潔泰企業有 限公司,支援服務業(建築物一般清潔服務業),墜落、滾落,1,中台禪寺,中台禪寺107年外 牆年度清洗工程,中台禪寺內天 井,南投縣埔里鎮一 新里中台路2號,勞動部職業安全衛生署中區職業安全衛生中心,107/12/26,
3,莊○○(即晉發五金加工廠),製造業(金屬表面處理業),感電,1,-,-,M01電鍍槽作業區之交換水洗槽,-,勞動部職業安全衛生署南區職業安全衛生中心,107/12/26,
4,華豐營造股份有限公司,營造業(建築工程業),墜落、滾落,1,興晟發有限公司,興晟發有限公司廠房新建工程,1樓西南側電梯,臺南市安南區安新二路,勞動部職業安全衛生署南區職業安全衛生中心,107/12/25,
5,台爃窯業股份有限公司,製造業(未分類其他非金屬礦物製品製造業),被夾、被捲,1,,,,-,勞動部職業安全衛生署中區職業安全衛生中心,107/12/24,
6,閎國工程有限公司,營造業(建物完工裝修工程業),墜落、滾落,1,蘇○○,舊屋修繕工程,地上2樓鋼構,-,新北市政府勞動檢查處,107/12/21,
7,簡鄭OO(即桃興行),製造業(未分類其他化學製品製造業),墜落、滾落,1,,,桃園市蘆竹區新興街457號旁工廠,-,勞動部職業安全衛生署北區職業安全衛生中心,107/12/20,
8,櫂和昌建材有限公司,營造業(建物完工裝修工程業),墜落、滾落,1,雲林縣四湖鄉四湖國民小學,四湖國小活動中心防水隔熱工程,四湖國小活動中心,雲林縣四湖鄉中山東路37號,勞動部職業安全衛生署中區職業安全衛生中心,107/12/20,
9,新藯營造股份有限公司,營造業(建築工程業),墜落、滾落,1,威泰國際股份有限公司,威泰國際桃園區東國段382地號新建工程,A3棟3樓電梯井,桃園市桃園區東國街10號旁工地,勞動部職業安全衛生署北區職業安全衛生中心,107/12/18,
10,昌勉企業有限公司,營造業(機電、電信及電路設備安裝業),物體飛落,1,台灣塑膠工業股份有限公司林園聚丙烯廠,PP廠設備管線拆清修改預約工程,製粒區4樓,高雄市林園區石化一路1之1號,高雄市政府勞工局勞動檢查處,107/12/18,
11,偉唐營造有限公司,營造業(建築工程業),墜落、滾落,1,新合發冷凍食品股份有限公司,新合發冷凍食品股份有限公司2廠新建工程,建築物屋突層約3.4公尺施工,宜蘭縣五結鄉利工2路77號,勞動部職業安全衛生署北區職業安全衛生中心,107/12/17,
12,廖○○,營造業(其他專門營造業),墜落、滾落,1,新竹市東區水源國民小學,107年度樂活運動站設施環境及器材設備採購,新竹市東區水源國民小學西棟大樓3樓樂活教室,新竹市東區仰德路11號,勞動部職業安全衛生署北區職業安全衛生中心,107/12/13,
13,吉昌橡膠工業有限公司,製造業(工業用橡膠製品製造業),火災,1,,,吉昌橡膠工業有限公司工廠2樓溶劑調和區,-,勞動部職業安全衛生署北區職業安全衛生中心,107/12/11,
14,交通部臺灣鐵路管理局,運輸及倉儲業(鐵路運輸業),被撞,1,,,臺北市中正區北平東路20號對面-台鐵6號緊急逃生出口（華山引道）,臺北市中正區北平東路20號對面-台鐵6號緊急逃生出口（華山引道）,臺北市勞動檢查處,107/12/10,
15,宏釩有限公司,支援服務業(其他清潔服務業),跌倒,1,臺灣臺中地方法院,豐原簡易庭公共通行走道清潔除蠟、打蠟,臺中地方法院豐原簡易庭,台中市潭子區豐興路一段139號,勞動部職業安全衛生署中區職業安全衛生中心,107/12/08,
16,新程發營造有限公司,營造業(建築工程業),跌倒,1,王OO、王OO,台東市順天段751之5地號新建工程,本工程B棟廚房處,順天段751之5地號,勞動部職業安全衛生署南區職業安全衛生中心,107/12/06,
17,日商三菱商事台中工程事務所,電力及燃氣供應業(電力供應業),被撞,1,台灣電力股份有限公司核能火力發電工程處中部施工處,台中發電廠既有機組空污改善工程計畫第一至四號機空污防制系統改善工作設備採購與安裝案,台中發電廠2號機靜電除塵區,臺中市龍井區龍昌路1號,勞動部職業安全衛生署中區職業安全衛生中心,107/12/05,
18,統勝機械工程有限公司,製造業(產業用機械設備維修及安裝業),被撞,1,台灣電力股份有限公司核能火力發電工程處中部施工處,台中發電廠既有機組空污改善工程計畫第一至四號機空污防制系統改善工作設備採購與安裝案,台中發電廠2號機靜電除塵區,臺中市龍井區龍昌路1號,勞動部職業安全衛生署中區職業安全衛生中心,107/12/05,
19,李○○(即東山企業社),營造業(其他專門營造業),物體飛落,1,鄭○○,屏東縣里港鄉永春路37號民宅頂樓鋼架工程,屏東縣里港鄉永春路37號2樓頂版處,-,勞動部職業安全衛生署南區職業安全衛生中心,107/12/03,
20,鄧OO,營造業(其他土木工程業),墜落、滾落,1,-,農業資材室新建工程,-,-,勞動部職業安全衛生署中區職業安全衛生中心,107/12/01,
21,台灣杰士電池工業股份有限公司,製造業(電池製造業),墜落、滾落,1,-,-,充填C部生產板庫房屋頂整修（9米道邊）,-,勞動部職業安全衛生署南區職業安全衛生中心,107/12/01,
22,東璋營造有限公司,營造業(建築工程業),墜落、滾落,1,佑順建設有限公司,屏東縣東港鎮新和段99、99-10~20地號新建工程,工區內西側道路,屏東縣東港鎮新和段99、99-10~20地號,勞動部職業安全衛生署南區職業安全衛生中心,107/12/01,
23,發財重機械有限公司,製造業(產業用機械設備維修及安裝業),被夾、被捲,1,堂勝工程有限公司,,,-,新北市政府勞動檢查處,107/11/29,
24,曾OO(即金勝16號),農、林、漁、牧業(漁撈業),不能歸類,1,,,宜蘭縣蘇澳鎮南方澳第三漁港,-,勞動部職業安全衛生署北區職業安全衛生中心,107/11/28,
25,嵩集室內設計有限公司,營造業(最後修整工程業),物體飛落,1,-,-,吊掛作業遭物體（小金鋼）撞擊頭部,-,高雄市政府勞工局勞動檢查處,107/11/28,
26,天文大同特殊鋼股份有限公司,製造業(金屬熱處理業),被夾、被捲,1,,,桃園市平鎮區大昌路1號,-,勞動部職業安全衛生署北區職業安全衛生中心,107/11/27,
27,日光營造股份有限公司,營造業(其他土木工程業),被撞,1,臺北市政府工務局大地工程處,107年度臺北市士林及南港區山區道路維護更新預約式工程,臺北市萬溪產業道路,-,臺北市勞動檢查處,107/11/27,
28,燁鋒輕合金股份有限公司,製造業(鋁材軋延、擠型及伸線業),被夾、被捲,1,,,桃園市新屋區東明里東勢12之10號,-,勞動部職業安全衛生署北區職業安全衛生中心,107/11/25,
29,蔡○○(即威星企業工程行),營造業(整地、基礎及結構工程業),墜落、滾落,1,隆陽汽車股份有限公司,隆陽汽車潮州分公司銷售維修中心裝修拆除工程,屋頂處,-,勞動部職業安全衛生署南區職業安全衛生中心,107/11/22,
30,官田鋼鐵股份有限公司麻豆廠,製造業(鋼鐵伸線業),衝撞,1,-,-,廠區內,-,勞動部職業安全衛生署南區職業安全衛生中心,107/11/22,
31,-,營造業(最後修整工程業),物體飛落,1,都市建設股份有限公司,文自案大樓集合住宅建築工程,在1樓被裝有砂之太空包擊中壓住,高雄市左營區文自路與重上街口,高雄市政府勞工局勞動檢查處,107/11/22,
32,虹豪油漆工程行,營造業(其他專門營造業),墜落、滾落,1,泰嘉開發建設股份有限公司,高雄市楠梓區援中段一小段287地號新建工程(油漆工程),地下室2樓往3樓之車道補漆作業,高雄市楠梓區援中段一小段287地號,高雄市政府勞工局勞動檢查處,107/11/21,
33,豐翊工程有限公司,製造業(預拌混凝土製造業),感電,1,-,地磅荷重元檢修更換作業,地磅荷重元維修孔作業區,-,勞動部職業安全衛生署南區職業安全衛生中心,107/11/19,
34,偉唐營造有限公司,營造業(建築工程業),墜落、滾落,1,新合發冷凍食品股份有限公司,新合發冷凍食品股份有限公司2廠新建工程,建築物屋突層約3.4公尺施工架,宜蘭縣五結鄉利工2路77號工區,勞動部職業安全衛生署北區職業安全衛生中心,107/11/17,
35,赫仕建築物管理維護股份有限公司,支援服務業(建築物一般清潔服務業),墜落、滾落,1,學學國際文化創意股份有限公司,,學學國際文化創意事業股份有限公司建築物大樓一樓採光罩玻璃,-,臺北市勞動檢查處,107/11/17,
36,楊○○,營造業(建物完工裝修工程業),墜落、滾落,1,陳○○,住宅修繕工程,於高度約4.18公尺屋頂之屋脊上拆除烤漆鋼板時，而由該處墜落至地面。,-,勞動部職業安全衛生署中區職業安全衛生中心,107/11/16,
37,量能影業有限公司,資訊及通訊傳播業(影片及電視節目發行業),墜落、滾落,1,-,-,麗寶國際賽車場,臺中市后里區月眉東路一段185號,勞動部職業安全衛生署中區職業安全衛生中心,107/11/16,
38,天瀚營造股份有限公司,營造業(建築工程業),墜落、滾落,1,漢鼎建設有限公司,漢鼎興豐段集合住宅新建工程,B棟屋突2層電梯坑井,桃園市八德區仁德一路125號對面工地,勞動部職業安全衛生署北區職業安全衛生中心,107/11/15,
39,劉OO,營造業(建物完工裝修工程業),墜落、滾落,1,呂OO,呂OO民宅室外遮雨棚更新工程,遮雨棚,-,桃園市政府勞動檢查處,107/11/14,
40,仕翔工程工業有限公司,製造業(輸送機械設備製造業),物體倒塌、崩塌,1,,,仕翔工程工業有限公司;廠區之外廠A處,-,高雄市政府勞工局勞動檢查處,107/11/12,
41,頌恩營造股份有限公司,營造業(建築工程業),墜落、滾落,1,承恩建設股份有限公司,承恩商務旅館新建工程,自擋土柱壓梁頂墜落至下方之地下室3樓樓板,臺中市南屯區文心南路與文心南六路口,勞動部職業安全衛生署中區職業安全衛生中心,107/11/07,
42,信商有限公司,支援服務業(其他清潔服務業),墜落、滾落,1,-,107-108年度全廠加熱爐設備乾冰清洗工程,烷化一場,高雄市林園區石化三路9號,高雄市政府勞工局勞動檢查處,107/11/07,
43,信炫高週波熱處理有限公司,製造業(金屬熱處理業),墜落、滾落,1,,,信炫高週波熱處理有限公司,高雄市仁武區興昌巷8之2號1樓,高雄市政府勞工局勞動檢查處,107/11/06,
44,川傑實業有限公司龜山廠,製造業(其他塑膠製品製造業),被夾、被捲,1,,,川傑實業有限公司編號第42號抽料機投料用之升降機,-,勞動部職業安全衛生署北區職業安全衛生中心,107/11/03,
45,杰福工程有限公司,營造業(其他專門營造業),墜落、滾落,1,文生開發股份有限公司,台元科技園區八期新建工程,U棟地下1樓,新竹縣竹北市惟馨街140號對面工地,勞動部職業安全衛生署北區職業安全衛生中心,107/11/01,
46,協升機械工程有限公司,營造業(公用事業設施工程業),被夾、被捲,1,台灣電力股份有限公司(台中發電廠),107年中8、6機空氣預熱器、脫硝設備、煙道及煙囪大修工作,臺中市龍井區麗水里龍昌路1號,臺中市龍井區麗水里龍昌路1號,勞動部職業安全衛生署中區職業安全衛生中心,107/11/01,
47,中連汽車貨運股份有限公司新竹營業所,運輸及倉儲業(汽車貨運業),衝撞,1,,,新竹縣竹北市港安街一段168號,-,勞動部職業安全衛生署北區職業安全衛生中心,107/10/31,
48,謝○○(即忠豐基2號),農、林、漁、牧業(漁撈業),溺斃,1,,,烏石港外海3.2浬,-,勞動部職業安全衛生署北區職業安全衛生中心,107/10/30,
49,蘇○○(即慶營塑膠商行),製造業(其他塑膠製品製造業),物體飛落,1,,,廠內拌合機工作場所,-,勞動部職業安全衛生署南區職業安全衛生中心,107/10/30,
50,薪揚廣告有限公司,專業、科學及技術服務業(廣告業),墜落、滾落,1,曾○○,廣告帆布設計、製作、張掛作業,中油旁便利商店頂樓,-,勞動部職業安全衛生署北區職業安全衛生中心,107/10/29,
51,營峰企業有限公司,營造業(),墜落、滾落,1,汯岳建設有限公司,高雄市三民區新都段89地號大樓新建工程,建築物北側高度約16.65公尺之施工架斜籬,高雄市三民區遼北街-美都路300巷,高雄市政府勞工局勞動檢查處,107/10/28,
52,巧貹機械有限公司,營造業(其他專門營造業),溺斃,2,,107至108年度中二、八、九、六、三機靜水池及進口暗渠道設備大修工作,台灣電力股份有限公司(台中發電廠)西南側中二機渠道出水口,臺中市龍井區麗水里龍昌路1號,勞動部職業安全衛生署中區職業安全衛生中心,107/10/27,
53,連順發有限公司,批發及零售業(其他建材批發業),被夾、被捲,1,,,,-,新北市政府勞動檢查處,107/10/27,
54,穩郝佳企業有限公司,批發及零售業(其他機械器具批發業),火災,1,華城加油站有限公司,購買加油機及安裝工程,第一加油島,新北市新店區安康路1段319號,新北市政府勞動檢查處,107/10/24,
55,翁○○,營造業(其他專門營造業),墜落、滾落,1,郭○○○,-,地上3樓開口,-,新北市政府勞動檢查處,107/10/23,
56,快捷利數位影像科技有限公司,專業、科學及技術服務業(廣告業),墜落、滾落,1,晶華企業有限公司,外牆廣告帆布拆裝及正面燈箱更換工程,鐵皮屋頂上,-,勞動部職業安全衛生署南區職業安全衛生中心,107/10/20,
57,陳○○,農、林、漁、牧業(內陸養殖業),感電,1,,,右側產業道路上之架空高壓電線,-,勞動部職業安全衛生署南區職業安全衛生中心,107/10/18,
58,南誠實業股份有限公司武慶維修廠,其他服務業(汽車維修業),墜落、滾落,1,-,-,車輛與劉員自升降機之三樓墜落至一樓,高雄市鳳山區輜汽北一路15-1號,高雄市政府勞工局勞動檢查處,107/10/18,
59,-,營造業(整地、基礎及結構工程業),墜落、滾落,1,建興裕有限公司,屋頂鐵皮翻新工程,在高度9.1公尺廠房屋頂作業踏穿鐵皮板墜落至地面,臺中市霧峰區五福西路288號,勞動部職業安全衛生署中區職業安全衛生中心,107/10/17,
60,黃○○(即集立廣告社),專業、科學及技術服務業(廣告業),墜落、滾落,1,巨豐旅館管理顧問股份有限公司,廣告帆布製作及安裝工程,交叉路口旁空地之施工架處,-,勞動部職業安全衛生署南區職業安全衛生中心,107/10/17,
61,宏尚景觀營造有限公司,支援服務業(其他清潔服務業),被撞,1,無,中工處一般勞務作業工作107年2月至108年1月-D苗栗,國道1號北上128K內側車道,-,勞動部職業安全衛生署中區職業安全衛生中心,107/10/16,
62,榮成紙業股份有限公司,製造業(紙漿製造業),墜落、滾落,1,,,彰化縣二林鎮廣興里廣興巷1-1號,彰化縣二林鎮廣興里廣興巷1-1號,勞動部職業安全衛生署中區職業安全衛生中心,107/10/16,
63,洪OO（即宥瑀工程行）,營造業(建築工程業),墜落、滾落,1,洪OO（即宥瑀工程行）,屋頂漏水修繕及增建工程,高雄市仁武區工業二路17巷68弄18號之廠房2樓,高雄市仁武區工業二路17巷68弄18號,高雄市政府勞工局勞動檢查處,107/10/12,
64,佳欣樹脂股份有限公司,製造業(未分類其他化學製品製造業),墜落、滾落,1,,,該公司攪拌區,-,勞動部職業安全衛生署中區職業安全衛生中心,107/10/11,
65,立浤工程有限公司,製造業(產業用機械設備維修及安裝業),被撞,1,萬海航運股份有限公司(台中港貨櫃集散站),貨櫃維修作業,萬海航運股份有限公司(台中港貨櫃集散站),臺中市梧棲區中南一路2段757號,勞動部職業安全衛生署中區職業安全衛生中心,107/10/10,
66,甘OO(即承富土木包工業),營造業(建物完工裝修工程業),墜落、滾落,1,尚翌建設有限公司,大和莊園二期新建工程,罹災者自D棟4樓露臺施工架工作臺墜落，並經由4樓露臺女兒牆上方之開口掉落至高差約8公尺之第2層露臺樓板上，造成頭胸腹部鈍挫傷，多重器官損傷，導致死亡。,苗栗縣苑裡鎮苗45線與鎮安七路口,勞動部職業安全衛生署中區職業安全衛生中心,107/10/06,
67,王O霖,營造業(建物完工裝修工程業),墜落、滾落,1,尚翌建設有限公司,大和莊園二期新建工程,4樓露臺女兒牆,苗栗縣苑裡鎮苗45線與鎮安七街口,勞動部職業安全衛生署中區職業安全衛生中心,107/10/06,
68,信榮營造工程有限公司,營造業(建築工程業),其他交通事故,1,財團法人中華民國佛教慈濟慈善事業基金會,慈濟減災希望工程-苗栗公館國中援建工程,警衛室旁靠近學府巷出入口處,苗栗縣公館鄉館中村大同路3號,勞動部職業安全衛生署中區職業安全衛生中心,107/10/05,
69,合一營造有限公司,營造業(建築工程業),物體飛落,2,興皇建設有限公司,興皇建設屏東市勝興段16戶B棟集合住宅新建工程,本工程住戶編號B5之1樓頂版澆置作業處,屏東縣屏東市廣東路與大同北路路口,勞動部職業安全衛生署南區職業安全衛生中心,107/10/03,
70,三新紡織股份有限公司,製造業(其他紡織品製造業),墜落、滾落,1,-,-,廠內織布整理間之上方風管拆除開口處,-,勞動部職業安全衛生署南區職業安全衛生中心,107/10/03,
71,張OO,營造業(機電、電信及電路設備安裝業),墜落、滾落,1,沈OO,沈OO民宅室內修繕工程,頂樓女兒牆,-,桃園市政府勞動檢查處,107/10/03,
72,華海運輸股份有限公司,運輸及倉儲業(汽車貨運業),物體飛落,1,,,高雄港63號碼頭,-,高雄市政府勞工局勞動檢查處,107/10/02,
73,上濠企業股份有限公司,製造業(平板玻璃及其製品製造業),物體倒塌、崩塌,1,,,,-,新北市政府勞動檢查處,107/10/01,
74,正大堆高機行,支援服務業(營造用機械設備租賃業),被撞,1,江興鍛壓工業股份有限公司,肘節式沖床之安裝起重作業,-,-,臺中市勞動檢查處,107/09/29,
75,莊OO(即?大工業社),營造業(建物完工裝修工程業),墜落、滾落,1,陳OO (自然人),陳OO等四人商場新建工程,本工程2樓樓版電梯開口處,嘉義市西區中興路191號附近,勞動部職業安全衛生署南區職業安全衛生中心,107/09/28,
76,林OO(即順明工程行),營造業(其他專門營造業),物體倒塌、崩塌,1,林OO,基隆市信二路213號2至4樓整修工程,基隆市信義區信二路217巷3號廢棄建築物,基隆市信義區信二路217巷3號,勞動部職業安全衛生署北區職業安全衛生中心,107/09/26,
77,戴○○(即東興企業社 ),營造業(其他專門營造業),墜落、滾落,1,,白鐵花架增高修繕工程,德士凸輪股份有限公司碼頭花架區,-,勞動部職業安全衛生署北區職業安全衛生中心,107/09/25,
78,熊敏營造有限公司,營造業(建築工程業),物體倒塌、崩塌,1,振榮開發股份有限公司,振榮開發四十戶住宅新建工程,施工便道旁的開挖區,雲林縣斗南鎮明昌路230巷內,勞動部職業安全衛生署中區職業安全衛生中心,107/09/25,
79,黃素麗(即誠讚行),運輸及倉儲業(汽車貨運業),墜落、滾落,1,富本橡膠工業股份有限公司,,維豐橡膠股份有限公司前方石筍埤圳內之邊坡上,-,勞動部職業安全衛生署中區職業安全衛生中心,107/09/25,
80,-,營造業(建物完工裝修工程業),墜落、滾落,1,藏和建設股份有限公司,芎蕉案（高雄市楠梓區芎蕉段88、89、90地號）,B棟2樓之工作台,高雄市楠梓區創新路與芎林二街口,高雄市政府勞工局勞動檢查處,107/09/25,
81,被撞:甲聖工業股份有限公司 (罹災人數:1),製造業(鋼鐵鑄造業),被撞,1,,,甲聖工業股份有限公司,-,勞動部職業安全衛生署中區職業安全衛生中心,107/09/23,
82,嘉福開發股份有限公司,營造業(建築工程業),墜落、滾落,1,嘉福開發股份有限公司,嘉福開發股份有限公司住宅新建工程,建築物編號B20棟第4樓之樓梯間,宜蘭縣員山鄉賢德路2段92巷5號對面工區,勞動部職業安全衛生署北區職業安全衛生中心,107/09/21,
83,根基營造股份有限公司,營造業(建築工程業),物體飛落,1,冠德建設股份有限公司,（107建017）冠德建設松山區民生段拾壹層辦公大樓新建工程,地面鐵板彈飛壓砸致死,臺北市松山區敦化北路313巷旁,臺北市勞動檢查處,107/09/20,
84,正和鋼鐵股份有限公司,製造業(其他金屬加工處理業),被撞,1,,,正和鋼鐵股份有限公司廠房第四棟出貨區,-,勞動部職業安全衛生署北區職業安全衛生中心,107/09/19,
85,捷凱物流股份有限公司,運輸及倉儲業(汽車貨運業),被夾、被捲,1,超秦企業股份有限公司,,水源市場後門,-,臺北市勞動檢查處,107/09/14,
86,易昇鋼鐵股份有限公司,製造業(其他金屬加工處理業),墜落、滾落,1,,廠房修繕-屋頂集水槽防漏工程,東側鐵架上通道離地面約達13公尺,臺南市永康區經中路11號,臺南市職安健康處,107/09/12,
87,長岡化工股份有限公司,製造業(肥料及氮化合物製造業),墜落、滾落,1,-,廠房修繕工程,長岡化工股份有限公司原料儲區屋頂,-,勞動部職業安全衛生署南區職業安全衛生中心,107/09/11,
88,楊○○（即翔昇工程行）,製造業(產業用機械設備維修及安裝業),物體飛落,1,-,中國鋼鐵股份有限公司 No.4/6/8 RH VESSEL 下部槽切換一組工程,中國鋼鐵股份有限公司W3煉鋼廠,-,高雄市政府勞工局勞動檢查處,107/09/10,
89,鄭OO(即育全工程行),製造業(產業用機械設備維修及安裝業),物體倒塌、崩塌,2,台灣中油股份有限公司液化天然氣工程處,L10101計畫台中廠至烏溪隔離站26吋陸上輸氣管線工程,在深約2.5公尺之管溝從事焊接作業，因土石崩塌遭掩埋,台17線12K+830,勞動部職業安全衛生署中區職業安全衛生中心,107/09/08,經濟部
90,格全食品工業股份有限公司花蓮分公司,製造業(屠宰業),被夾、被捲,1,,,,-,勞動部職業安全衛生署北區職業安全衛生中心,107/09/07,
91,信福航業股份有限公司,運輸及倉儲業(海洋水運業),墜落、滾落,1,,,基隆港西15號碼頭處,-,勞動部職業安全衛生署北區職業安全衛生中心,107/09/06,
92,瑞助營造股份有限公司,營造業(建築工程業),感電,1,台灣自來水股份有限公司南區工程處,自來水員工訓練園區興建工程,本工程之E棟1樓C2柱模板組立處,-,勞動部職業安全衛生署南區職業安全衛生中心,107/09/06,經濟部
93,正方倉儲實業股份有限公司,運輸及倉儲業(其他運輸輔助業),其他交通事故,1,,,馥利威貨櫃場,基隆市暖暖區源遠路124之8號,勞動部職業安全衛生署北區職業安全衛生中心,107/09/04,
94,炘權企業有限公司,製造業(未分類其他基本金屬製造業),墜落、滾落,1,-,-,-,-,臺中市勞動檢查處,107/09/04,
95,鄭○○,營造業(其他專門營造業),溺斃,1,屏東縣枋寮鄉北勢寮養殖漁業生產區管理委員會,海水供應站沉砂池水下清淤工程,海水供應站沉砂池,-,勞動部職業安全衛生署南區職業安全衛生中心,107/09/03,
96,達欣工程股份有限公司,營造業(建築工程業),墜落、滾落,1,維春商業開發股份有限公司,永紅大直B3商場旅館新建工程,於屋突R1(11樓)升降機直井內墜落至地下四樓機坑,臺北市中山區植福路189號對面工地,臺北市勞動檢查處,107/08/30,
97,昌?興業有限公司,批發及零售業(其他建材批發業),被夾、被捲,1,,,,-,新北市政府勞動檢查處,107/08/28,
98,何○○(即大順衛生工程行),營造業(冷凍、空調及管道工程業),感電,1,佳陞建設股份有限公司,排水管路疏通作業,新竹縣竹北市嘉興三街22號2樓之2陽台,-,勞動部職業安全衛生署北區職業安全衛生中心,107/08/25,
99,宏彰工程有限公司,營造業(機電、電信及電路設備安裝業),墜落、滾落,1,泰安食品股份有限公司,泰安食品(股)公司屏東場廠房二次施作工程,本工程1樓電器室,-,勞動部職業安全衛生署南區職業安全衛生中心,107/08/25,
100,壹東實業股份有限公司,製造業(金屬表面處理業),感電,1,,,壹東實業股份有限公司二廠FCL懸吊式烤漆生產線第二道噴房門外,高雄市小港區大業南路18號,高雄市政府勞工局勞動檢查處,107/08/23,
101,臺南市東山區吉貝耍國民小學,教育業(),墜落、滾落,1,-,-,臺南市東山區吉貝耍國民小學八卦樓廁所屋頂塑膠採光罩,-,勞動部職業安全衛生署南區職業安全衛生中心,107/08/22,
102,陳OO,農、林、漁、牧業(果樹栽培業),跌倒,1,-,-,果園旁,-,勞動部職業安全衛生署南區職業安全衛生中心,107/08/22,
103,泛亞工程建設股份有限公司,營造業(其他土木工程業),物體倒塌、崩塌,3,桃園國際機場股份有限公司、交通部高速公路局,第C009標臺灣桃園國際機場WC滑行道遷建及雙線化工程,桃園市大園區桃園機場航站北路1號環場西路旁,桃園市大園區桃園機場航站北路1號環場西路旁,勞動部職業安全衛生署北區職業安全衛生中心,107/08/21,交通部
104,建埕營造有限公司,營造業(其他土木工程業),被刺、割、擦傷,1,台灣電力股份有限公司核能火力發電工程處中部施工處,通霄電廠更新擴建計畫廢棄物暫存區(一)及(二)新建工程,345KV開關場區之廢棄物暫存區1b工區,苗栗縣通霄鎮海濱路1號,勞動部職業安全衛生署中區職業安全衛生中心,107/08/21,經濟部
105,順裕營造有限公司,營造業(建築工程業),跌倒,1,臺東縣政府,105-106年再造歷史現場專案計畫『民權里日式建築文化園區修復再利用計畫』工程,日式建築之土台上方大引處,臺東縣臺東市寶桑路38號,勞動部職業安全衛生署南區職業安全衛生中心,107/08/20,
106,永大機電工業股份有限公司,製造業(輸送機械設備製造業),墜落、滾落,1,誠隆建設股份有限公司,新北市深坑區埔新段店鋪住宅大樓新建工程,屋突1樓電梯井,新北市深坑區北深路2段141號旁,新北市政府勞動檢查處,107/08/20,
107,勵拓有限公司,批發及零售業(其他食品批發業),墜落、滾落,1,-,,,新北市泰山區磚雅厝路24號,新北市政府勞動檢查處,107/08/20,
108,三井工程股份有限公司,營造業(建築工程業),墜落、滾落,1,國泰人壽保險股份有限公司,高速鐵路桃園車站特定區產業專用區開發經營案水族館、飯店、影城暨商場複合式商業大樓新建工程,5樓南側樓板鋼樑開放邊緣,桃園市中壢區青昇段426地號,勞動部職業安全衛生署北區職業安全衛生中心,107/08/19,
109,柏承科技股份有限公司,製造業(印刷電路板製造業),墜落、滾落,1,,,廠區車道鐵皮屋頂,桃園市蘆竹區大有街29巷8號,桃園市政府勞動檢查處,107/08/17,
110,輝達營造有限公司,營造業(其他土木工程業),墜落、滾落,1,德恩建設股份有限公司,中和板南段廠辦新建工程,B棟地上2樓施工架,新北市中和區中山路2段482巷,新北市政府勞動檢查處,107/08/16,
111,國強保全股份有限公司,支援服務業(保全及偵探業),墜落、滾落,1,楊梅高級中等學校,,御風?之水?梯 2 ? 至 3 ??梯間轉角之平面地面,桃園市楊梅區高獅? 5 號,桃園市政府勞動檢查處,107/08/16,
112,興鋓工業股份有限公司,製造業(金屬建築組件製造業),物體倒塌、崩塌,1,-,-,-,-,臺中市勞動檢查處,107/08/16,
113,傅裕鋼鐵有限公司,製造業(金屬刀具及手工具製造業),墜落、滾落,1,,民宅3樓樓頂鐵波板修繕工程,民宅3樓樓板,-,勞動部職業安全衛生署北區職業安全衛生中心,107/08/15,
114,陳OO(即峰辰水下工程行),營造業(其他專門營造業),溺斃,1,恒晨榮(香港)海運有限公司,恆星號油輪?葉及冷卻水門查修作業,臺中港西5碼頭之恆星號油輪船底水下,-,勞動部職業安全衛生署中區職業安全衛生中心,107/08/14,
115,林陳OO(即宏森企業社),營造業(機電、電信及電路設備安裝業),感電,1,和平電力股份有限公司,2018年度廠區照明設備檢修維護合約工程,和平電力股份有限公司,-,勞動部職業安全衛生署北區職業安全衛生中心,107/08/13,
116,倉圓企業有限公司,營造業(其他專門營造業),墜落、滾落,1,,民宅頂樓加蓋建物屋頂更新工程,臺北市內湖區康寧路1段82號3樓,-,臺北市勞動檢查處,107/08/13,
117,塑美貝科技股份有限公司,製造業(塑膠原料製造業),與高溫、低溫之接觸,1,,,水池作業區,-,經濟部加工出口區管理處,107/08/10,
118,台灣電力股份有限公司基隆區營業處,電力及燃氣供應業(電力供應業),感電,1,台灣電力股份有限公司基隆區營業處,107年度變壓器及配電設備檢修工作,台灣電力股份有限公司基隆區營業處配電中心變壓器檢測作業區,-,勞動部職業安全衛生署北區職業安全衛生中心,107/08/08,
119,施OO,營造業(建物完工裝修工程業),墜落、滾落,1,黃OO等5人,永康區大橋一街247巷54弄社區住宅外牆修繕工程,台南市永康區大橋一街247巷54弄,-,勞動部職業安全衛生署南區職業安全衛生中心,107/08/07,
120,陳OO,支援服務業(其他清潔服務業),被夾、被捲,1,王OO,,,-,新北市政府勞動檢查處,107/08/07,
121,凱瑋實業有限公司,運輸及倉儲業(其他運輸輔助業),感電,1,臺北捷運公司,淡水站地下停車場燈具更換工作,新北市淡水區淡水捷運站地下停車場,-,新北市政府勞動檢查處,107/08/06,
122,雲林縣口湖鄉公所,公共行政及國防；強制性社會安全(政府機關),墜落、滾落,1,無,無,於行進中之資源回收車車後升降台墜落至道路,雲林縣口湖鄉海口故事露營園區旁道路,勞動部職業安全衛生署中區職業安全衛生中心,107/08/04,
123,雲林縣口湖鄉公所(清潔隊),公共行政及國防；強制性社會安全(政府機關),墜落、滾落,1,無,無,於行進中之資源回收車車後升降台墜落至道路,雲林縣口湖鄉海口故事露營園區旁道路,勞動部職業安全衛生署中區職業安全衛生中心,107/08/04,
124,雄宇事業有限公司,製造業(塑膠皮、板及管材製造業),感電,1,-,-,雄宇事業有限公司廠內壓出機旁,-,勞動部職業安全衛生署南區職業安全衛生中心,107/08/02,
125,忠群螺絲五金股份有限公司楊梅廠,製造業(未分類其他金屬製品製造業),感電,1,,,忠群螺絲五金股份有限公司楊梅廠二樓倉庫空壓機區,-,勞動部職業安全衛生署北區職業安全衛生中心,107/08/01,
126,江OO,支援服務業(綠化服務業),物體倒塌、崩塌,1,林OO,無,住家庭院,-,勞動部職業安全衛生署中區職業安全衛生中心,107/08/01,
127,徐OO,營造業(其他土木工程業),墜落、滾落,1,張OO,臺南市新市區三舍里三舍168之3號屋頂採光浪板更換工程,屋頂,-,勞動部職業安全衛生署南區職業安全衛生中心,107/08/01,
128,鴻發有限公司,製造業(未分類其他紙製品製造業),墜落、滾落,1,,屋頂作業,鴻發有限公司（舊廠）,-,勞動部職業安全衛生署北區職業安全衛生中心,107/07/30,
129,嘉義市政府環境保護局,公共行政及國防；強制性社會安全(政府機關),墜落、滾落,1,-,-,嘉義市自由路與遠東街口,-,勞動部職業安全衛生署南區職業安全衛生中心,107/07/30,
130,秀傳企業社,營造業(建築工程業),墜落、滾落,1,無,(105)桃市都建執照字第會龍0031號住宅新建工程,屋突1層樓梯間,桃園市龍潭區華南路一段63巷11號,勞動部職業安全衛生署北區職業安全衛生中心,107/07/26,
131,廣來企業行,營造業(整地、基礎及結構工程業),衝撞,1,無,無,廣來企業行之停車場,-,勞動部職業安全衛生署中區職業安全衛生中心,107/07/26,
132,尊弘環保股份有限公司,用水供應及污染整治業(非有害廢棄物處理業),物體倒塌、崩塌,1,臺東縣環境保護局,臺東市建農垃圾衛生掩埋場活化統包工程,臺東市建農垃圾衛生掩埋場,-,勞動部職業安全衛生署南區職業安全衛生中心,107/07/26,
133,陳00(即廣來企業行),營造業(整地、基礎及結構工程業),衝撞,1,-,-,-,-,勞動部職業安全衛生署中區職業安全衛生中心,107/07/24,
134,悟纈有限公司,營造業(庭園景觀工程業),公路交通事故,2,交通部公路總局第二區養護工程處(台中工務段),107年度臺中段轄區省道台17線、快速道路台61線路容清理工作,臺中市大甲區建興里西濱快速公路133公里處南下車道,-,勞動部職業安全衛生署中區職業安全衛生中心,107/07/24,
135,五匠廣告企業社,專業、科學及技術服務業(廣告業),感電,1,-,-,從事掛設帆布作業,-,高雄市政府勞工局勞動檢查處,107/07/24,
136,黃OO,營造業(其他土木工程業),墜落、滾落,1,國立臺北科技大學附屬桃園農工高級中等學校,北科附工-圖書館1樓-自主學習教室整修工程,國立臺北科技大學附屬桃園農工高級中等學校圖書館,-,勞動部職業安全衛生署北區職業安全衛生中心,107/07/22,
137,米迪詩國際股份有限公司,用水供應及污染整治業(資源回收處理業),墜落、滾落,1,永茂環科股份有限公司,水霧工程,永茂環科股份有限公司A區工廠1樓內,-,勞動部職業安全衛生署北區職業安全衛生中心,107/07/21,
138,王OO、蘇OO、廖OO、姚OO,營造業(建物完工裝修工程業),墜落、滾落,1,白OO,清水區吳厝路住宅修建工程,臺中市清水區吳厝路90巷11號,-,勞動部職業安全衛生署中區職業安全衛生中心,107/07/21,
139,連旺實業有限公司,製造業(棉毛梭織布業),墜落、滾落,1,,,鍋爐房,桃園市大園區中山北路263號,桃園市政府勞動檢查處,107/07/21,
140,晨悅工業有限公司,製造業(污染防治設備製造業),感電,1,,旋風集塵器電焊作業,晨悅工業有限公司廠房旁空地,-,勞動部職業安全衛生署北區職業安全衛生中心,107/07/20,
141,陳OO,批發及零售業(水產品批發業),感電,1,-,-,高雄市湖內區劉家段1319地號之魚塭,-,高雄市政府勞工局勞動檢查處,107/07/20,
142,劉OO,農、林、漁、牧業(內陸養殖業),感電,1,-,,高雄市湖內區劉家段1294地號魚塭,高雄市湖內區劉家段1294地號魚塭,高雄市政府勞工局勞動檢查處,107/07/20,
143,東霖土木包工業,營造業(公用事業設施工程業),與高溫、低溫之接觸,1,,107年度麻豆地區灌溉（六甲站）改善工程,台南市六甲區之「107年度麻豆地區灌溉(六甲站)改善工程」工地內,,勞動部職業安全衛生署南區職業安全衛生中心,107/07/18,
144,群益建設有限公司,營造業(建築工程業),物體飛落,1,群益建設有限公司,群益建設里港鄉大港洋段八戶住宅新建工程,B3戶一樓室外車庫處,屏東縣里港鄉塔樓路3之10號,勞動部職業安全衛生署南區職業安全衛生中心,107/07/18,
145,柏原工程股份有限公司,營造業(冷凍、空調及管道工程業),墜落、滾落,1,,,,-,勞動部職業安全衛生署中區職業安全衛生中心,107/07/17,
146,陳OO,營造業(建物完工裝修工程業),墜落、滾落,1,春池玻璃實業有限公司大庄廠,春池玻璃實業有限公司大庄廠廠房修建工程,大庄廠廠房修建工程,-,勞動部職業安全衛生署北區職業安全衛生中心,107/07/16,
147,旭源營造工程股份有限公司,營造業(其他土木工程業),墜落、滾落,1,鼎正有限公司,新莊區作業廠房新建工程,汽車升降機坑,新北市新莊區壽山路33號之22,新北市政府勞動檢查處,107/07/14,
148,凱亮金屬股份有限公司,製造業(其他非金屬家具製造業),墜落、滾落,1,-,-,廠房東南側電鍍作業區屋頂,-,臺中市勞動檢查處,107/07/10,
149,揚潤營造股份有限公司,營造業(建築工程業),物體飛落,1,華潤建設股份有限公司,板橋永翠H2集合住宅店舖新建工程,移動式起重機於鋼構平台進行吊掛作業場所,新北市板橋區永翠路與藝文2街交叉口旁,勞動部職業安全衛生署北區職業安全衛生中心,107/07/09,
150,良金實業有限公司,製造業(肉類其他加工及保藏業),被撞,1,,,集貨區,-,勞動部職業安全衛生署南區職業安全衛生中心,107/07/09,
151,京華數位科技有限公司,專業、科學及技術服務業(廣告業),墜落、滾落,1,新傳建設有限公司,廣告帆布拆掛工程,新傳建設有限公司新傳遠景接待會館1樓樓頂,-,勞動部職業安全衛生署北區職業安全衛生中心,107/07/08,
152,信榮交通貨運有限公司,支援服務業(其他機械設備租賃業),感電,1,交通部公路總局西部濱海公路北區臨時工程處,臺北港南堤聯外道路新建工程,新北市八里區中山路三段380號,新北市八里區中山路三段380號,勞動部職業安全衛生署北區職業安全衛生中心,107/07/08,交通部
153,旭中機械工程公司,製造業(產業用機械設備維修及安裝業),被撞,1,正隆股份有限公司后里分公司,后里廠室內煤場輸煤系統工程,-,-,臺中市勞動檢查處,107/07/08,
154,鈺鍠實業有限公司,營造業(機電、電信及電路設備安裝業),公路交通事故,1,臺北市政府工務局公園路燈工程管理處,107年度大直橋等橋樑及河濱公園景觀照明委託管理維護案,臺北市自強隧道內道路,-,臺北市勞動檢查處,107/07/07,
155,增泰砂石股份有限公司,製造業(預拌混凝土製造業),衝撞,1,-,-,-,-,臺中市勞動檢查處,107/07/07,
156,中華食品實業股份有限公司,製造業(未分類其他食品製造業),其他,1,中華食品實業股份有限公司,,中華食品實業股份有限公司廠部辦公室3樓,-,高雄市政府勞工局勞動檢查處,107/07/04,
157,竑利工程行,營造業(其他專門營造業),火災,1,中國鋼鐵股份有限公司,鋼結構及鐵工修護工程,中國鋼鐵股份有限公司煉鋼二廠LD整備工區,高雄市小港區中鋼路1號,高雄市政府勞工局勞動檢查處,107/06/30,
158,陳OO（即慶喜消防企業社）,製造業(其他塑膠製品製造業),感電,1,,鑫恆工業股份有限公司廠房消防設備新設工程,鑫恆工業股份有限公司廠房,-,勞動部職業安全衛生署北區職業安全衛生中心,107/06/29,
159,中國鋼鐵股份有限公司,製造業(),其他交通事故,1,同事業單位,—,中國鋼鐵股份有限公司廠內道路碼頭路與原料一東路路口,高雄市小港區中鋼路1號,高雄市政府勞工局勞動檢查處,107/06/27,
160,張○○,營造業(建築工程業),墜落、滾落,1,○,住宅泥作工程,外牆施工架,-,勞動部職業安全衛生署中區職業安全衛生中心,107/06/25,
161,謝OO,營造業(其他專門營造業),墜落、滾落,1,張OO,自宅修繕工程,桃園市八德區介壽路一段758巷,-,勞動部職業安全衛生署北區職業安全衛生中心,107/06/21,
162,農翼全企業股份有限公司工廠二廠,製造業(金屬表面處理業),與高溫、低溫之接觸,1,,,,-,勞動部職業安全衛生署中區職業安全衛生中心,107/06/16,
163,頡登科技有限公司,製造業(),墜落、滾落,1,吉弘生物科技股份有限公司,廠區油炸廢氣管拆遷移及馬達鼓風機更換工程,熟成區,高雄市岡山區為隨里為隨東路58巷5號,高雄市政府勞工局勞動檢查處,107/06/16,
164,蘇OO(即精工水電行),營造業(機電、電信及電路設備安裝業),墜落、滾落,1,,空壓機及衝床配線工程,裕興企業社工廠,-,勞動部職業安全衛生署中區職業安全衛生中心,107/06/15,
165,大沅企業有限公司,批發及零售業(電子、通訊設備及其零組件批發業),墜落、滾落,1,陳OO,住家分離式冷氣主機室外機遷移拆裝工程,3樓陽台窗口,-,勞動部職業安全衛生署南區職業安全衛生中心,107/06/15,
166,建喬營造股份有限公司,營造業(其他土木工程業),墜落、滾落,1,皇鼎建設開發股份有限公司,亞太科技園區B棟新建工程,地樑,新北市汐止區新台五路2段與保新街口,新北市政府勞動檢查處,107/06/14,
167,陽明營造股份有限公司,營造業(建築工程業),墜落、滾落,1,創景建設有限公司,E棟東側處,桃園市楊梅區青山一街101號旁,桃園市楊梅區青山一街101號旁,勞動部職業安全衛生署北區職業安全衛生中心,107/06/13,
168,宥禾機械有限公司,製造業(產業用機械設備維修及安裝業),墜落、滾落,1,-,-,從事固定式起動機直行樑擋板切割作業內容時，擋板彈回致重心不?墜落,高雄市燕巢區安招路246號,高雄市政府勞工局勞動檢查處,107/06/11,
169,郭OO(自然人),製造業(產業用機械設備維修及安裝業),與有害物等之接觸,2,,冷凍系統檢修工程,發春陸號漁船,-,高雄市政府勞工局勞動檢查處,107/06/10,
170,李○○(即義慶企業社),營造業(建物完工裝修工程業),墜落、滾落,1,謝OO(自然人),謝OO自用住宅採光罩裝設工程,4樓北側陽台處,-,勞動部職業安全衛生署南區職業安全衛生中心,107/06/08,
171,中華電信股份有限公司臺灣北區電信分公司,資訊及通訊傳播業(有線電信業),物體飛落,1,,,中華電信股份有限公司臺灣北區電信分公司供應處北區庫,-,臺北市勞動檢查處,107/06/08,
172,陞光電器有限公司,批發及零售業(家用電器零售業),墜落、滾落,1,,,,-,新北市政府勞動檢查處,107/06/08,
173,睿騰興業有限公司,營造業(其他建築設備安裝業),墜落、滾落,1,明善寺,「鐘樓鋼梯+圓形H鋼架平台」工程,合梯,南投縣中寮鄉竹坑巷41-1號,勞動部職業安全衛生署中區職業安全衛生中心,107/06/06,
174,羅OO(即協縉工程行),營造業(建物完工裝修工程業),墜落、滾落,1,北鋼有限公司,廠房鐵門施作工程,,-,新北市政府勞動檢查處,107/06/06,
175,成濟營造有限公司,營造業(建築工程業),墜落、滾落,1,黃OO、莊OO、邱OO、莊OO、職OO,黃OO、莊OO、邱OO、莊OO、職OO店鋪、辦公室、集合住宅新建工程,本工程工地東邊外牆施工架,台南市南區金華路二段228巷15號旁,勞動部職業安全衛生署南區職業安全衛生中心,107/06/01,
176,林OO,農、林、漁、牧業(內陸養殖業),溺斃,1,林OO,-,魚塭,-,勞動部職業安全衛生署南區職業安全衛生中心,107/05/31,
177,萬代福營造有限公司,營造業(建築工程業),衝撞,1,佳泰建設股份有限公司,佳泰建設股份有限公司新建工程102-1660,一樓大廳,桃園市中壢區青商路300號旁工地,勞動部職業安全衛生署北區職業安全衛生中心,107/05/25,
178,立勝營造有限公司,營造業(其他土木工程業),墜落、滾落,1,經濟部水利署第五河川局,貴舍排水台19線上游段治理工程,本工程之樁號5+940左岸處,-,勞動部職業安全衛生署南區職業安全衛生中心,107/05/25,經濟部
179,勝暉工程有限公司,營造業(整地、基礎及結構工程業),墜落、滾落,1,-,-,廠房東南側C型鋼第7層墜落,-,高雄市政府勞工局勞動檢查處,107/05/25,
180,宥林工程有限公司,營造業(其他土木工程業),墜落、滾落,1,台灣自來水股份有限公司中區工程處,寓埔取水口及原水抽水站工程,地下水池開挖區,-,勞動部職業安全衛生署中區職業安全衛生中心,107/05/21,經濟部
181,邱OO,農、林、漁、牧業(內陸養殖業),感電,1,-,-,手持合梯接觸隔壁漏電金屬浪板而感電,-,高雄市政府勞工局勞動檢查處,107/05/19,
182,京揚工程科技股份有限公司,專業、科學及技術服務業(工程服務及相關技術顧問業),與有害物等之接觸,2,嘉義縣政府,嘉義縣太保及擴大縣治都市計畫區暨高鐵特定區污水下水道系統整併檢討規劃委託技術服務,嘉義區監理站前下水道人孔編號X6處,-,勞動部職業安全衛生署南區職業安全衛生中心,107/05/18,
183,信創營造股份有限公司,營造業(建築工程業),墜落、滾落,1,新富開發股份有限公司,（101建246）新富開發股份有限公司新建工程,地下2樓消防泵浦室,臺北市中正區仁愛路1段23巷6號,臺北市勞動檢查處,107/05/17,
184,欣築營造股份有限公司,營造業(其他土木工程業),墜落、滾落,1,新遠開發有限公司,招牌新建工程,屋頂採光罩,-,勞動部職業安全衛生署中區職業安全衛生中心,107/05/16,
185,蕭OO,營造業(建物完工裝修工程業),墜落、滾落,1,黃OO,臺南市後壁區菁寮里菁寮86之8號住宅3樓鐵皮屋拆除工程,住宅3樓,-,勞動部職業安全衛生署南區職業安全衛生中心,107/05/16,
186,明益聯合實業有限公司,營造業(最後修整工程業),墜落、滾落,1,,,屋頂採光罩從事有線電視配線作業,高雄市前鎮區永豐路175號,高雄市政府勞工局勞動檢查處,107/05/16,
187,新竹瓦斯股份有限公司,電力及燃氣供應業(氣體燃料供應業),物體飛落,1,總誼建設有限公司,竹北市十興路305巷(公園苑)大樓表外管工程,新竹縣竹北市十興路305巷13弄旁工地C棟北側,新竹縣竹北市十興路305巷13弄旁工地,勞動部職業安全衛生署北區職業安全衛生中心,107/05/15,
188,-,營造業(建築工程業),墜落、滾落,1,天順祥開發建設有限公司,天順祥開發建設有限公司新建工程,工地B區5樓外側施工架上,-,臺中市勞動檢查處,107/05/12,
189,富麒機械有限公司,製造業(金屬建築組件製造業),墜落、滾落,1,太盟實業股份有限公司,拆換木材倉庫屋頂工程,在高約10公尺以石綿板構築之屋頂從事作業，踏穿石綿瓦屋頂墜落至地面,苗栗縣苑裡鎮苑坑里5鄰苑坑48之2號,勞動部職業安全衛生署中區職業安全衛生中心,107/05/11,
190,田鋼興業有限公司,營造業(整地、基礎及結構工程業),感電,1,楊OO,楊OO鋼構廠房新建工程,本工地東面鋼構位置,-,勞動部職業安全衛生署南區職業安全衛生中心,107/05/10,
191,建埕營造有限公司,營造業(建築工程業),溺斃,1,臺南市政府警察局佳里分局,臺南市政府警察局佳里分局(含佳里派出所)耐震補強工程,西側外部基礎坑處,臺南市佳里區忠孝路7號,勞動部職業安全衛生署南區職業安全衛生中心,107/05/09,
192,大陸工程股份有限公司,營造業(公用事業設施工程業),墜落、滾落,1,臺北市政府捷運工程局北區工程處,新莊線CK570J區段標新莊線新莊機廠及O59車站西側至新莊機廠間隧道工程,第2人行陸橋東側W2~W3牆間之系統施工架,新北市新莊區中正路746巷1號,勞動部職業安全衛生署北區職業安全衛生中心,107/05/08,
193,長偉機電行,批發及零售業(建材零售業),與有害物等之接觸,3,文化師苑社區管理委員會,B2F46號車位污水維修工程,文化師苑社區地下二樓廢水池B,-,高雄市政府勞工局勞動檢查處,107/05/07,
194,暘銘企業有限公司,營造業(整地、基礎及結構工程業),墜落、滾落,1,暘銘企業有限公司,暘銘企業有限公司廠房新建工程,高空工作車伸臂工作台距地面高度約735公分,-,高雄市政府勞工局勞動檢查處,107/05/07,
195,-,營造業(其他專門營造業),物體倒塌、崩塌,1,高雄市政府水利局,高雄市路竹區金平路雨水下水道工程,於水平支撐下方，遭掉落之橫擋壓住,高雄市路竹區金平路與一甲路口,高雄市政府勞工局勞動檢查處,107/05/04,
196,齊裕營造股份有限公司,營造業(建築工程業),墜落、滾落,1,興富發建設股份有限公司,興富發建設竹北市台科段24地號新建工程,興富發建設竹北市台科段24地號新建工程基地北側鄰房前庭院雨遮之玻璃採光罩處,興富發建設竹北市台科段24地號,勞動部職業安全衛生署北區職業安全衛生中心,107/05/03,
197,鈺輝股份有限公司,製造業(自行車零件製造業),火災,9,,-,該公司手工研磨區,-,勞動部職業安全衛生署中區職業安全衛生中心,107/05/02,
198,啟森營造股份有限公司,營造業(建築工程業),被刺、割、擦傷,1,新春建設股份有限公司,台南市中西區建興段飯店新建工程,本工程12樓樓板C7柱處旁,台南市中西區永福路一段與和意路口,勞動部職業安全衛生署南區職業安全衛生中心,107/04/29,
199,家鎂營造有限公司,營造業(建築工程業),墜落、滾落,1,觀美建設有限公司,新竹市育賢段住宅新建工程,地上4樓外牆施工架,新竹市明湖路296號旁工地,勞動部職業安全衛生署北區職業安全衛生中心,107/04/27,
200,陳oo(即清成企業社),營造業(其他土木工程業),衝撞,1,宜蘭縣政府,四結排水(0K+000~0K+560)護岸整建緊急工程,宜蘭縣五結鄉國民中路附近,-,勞動部職業安全衛生署北區職業安全衛生中心,107/04/26,
201,華新麗華股份有限公司鹽水廠,製造業(鋼鐵軋延及擠型業),墜落、滾落,1,華新麗華股份有限公司鹽水廠,-,煉鋼部真空精煉爐第3號爐旁,-,勞動部職業安全衛生署南區職業安全衛生中心,107/04/25,
202,好室達室內裝修有限公司,營造業(最後修整工程業),火災,1,-,天母區高公館吉宅新建工程案,屋內2樓,-,臺北市勞動檢查處,107/04/25,
203,三信報驗股份有限公司,運輸及倉儲業(報關業),被撞,1,,,基隆港西20號碼頭中國貨櫃運輸股份有限公司基隆分公司5A貨櫃暫存區海側吊櫃車道第3段處,-,勞動部職業安全衛生署北區職業安全衛生中心,107/04/23,
204,王OO,營造業(建築工程業),墜落、滾落,1,交通部高速公路局南區養護工程分局,國道3號白河段瀝青混凝土路面整修工程(107),台南市新化區之國道3號南下349K+536處,-,勞動部職業安全衛生署南區職業安全衛生中心,107/04/23,
205,簡○○,營造業(冷凍、空調及管道工程業),感電,1,徐○○(即日昇家電企業社),,陽臺,-,新北市政府勞動檢查處,107/04/23,
206,翔陽鋼品有限公司,營造業(),墜落、滾落,1,尚承鋼鐵股份有限公司,尚承鋼鐵股份有限公司鍍鋅線廠房新建工程,鍍鋅廠南側高度約8.5公尺之水平C型鋼樑,-,高雄市政府勞工局勞動檢查處,107/04/22,
207,永裕鋼鐵工程股份有限公司,營造業(其他專門營造業),墜落、滾落,1,永成環科股份有限公司,永成環科廠房新建工程,地上6樓5E柱的2節接3節柱,桃園市觀音區環科路231號對面,桃園市政府勞動檢查處,107/04/20,
208,中國鋼鐵股份有限公司,製造業(鋼鐵冶鍊業),其他交通事故,1,,,,-,高雄市政府勞工局勞動檢查處,107/04/20,
209,-,營造業(),墜落、滾落,1,宏璟建設股份有限公司,日月光高雄廠楠梓第二園區D棟(K24)廠房大樓新建工程,7樓西北側A4客貨梯區模板組立作業區,-,經濟部加工出口區管理處,107/04/20,
210,-,營造業(),墜落、滾落,1,仙?有限公司,鐵窗隙縫修補作業,仙?有限公司廠房東側鐵窗,-,臺中市勞動檢查處,107/04/18,
211,嘉里醫藥物流股份有限公司桃園所,運輸及倉儲業(汽車貨運業),墜落、滾落,1,嘉里醫藥物流股份有限公司-桃園所,-,碼頭區,-,桃園市政府勞動檢查處,107/04/16,
212,聖暉工程科技股份有限公司,營造業(冷凍、空調及管道工程業),墜落、滾落,1,嘉聯益科技股份有限公司,嘉聯益科技觀音廠新建統包工程,三樓廁所區樓板管道間高度6.8公尺開口處墜落,桃園市觀音區桃科十路及白玉三路口,桃園市政府勞動檢查處,107/04/13,
213,台灣電力股份有限公司石門發電廠,電力及燃氣供應業(電力供應業),墜落、滾落,1,經濟部水利署北區水資源局,107年度石門及義興電廠發電設施暨各排洪、供水閘門設備代操作運轉及維護勞務工作,石門發電廠,-,勞動部職業安全衛生署北區職業安全衛生中心,107/04/12,
214,順利金屬工業股份有限公司,製造業(未分類其他金屬製品製造業),被夾、被捲,1,-,-,順利金屬工業股份有限公司廠內砂模造模機,-,勞動部職業安全衛生署中區職業安全衛生中心,107/04/11,
215,榆莊室內裝修工程有限公司,營造業(),墜落、滾落,1,柯旅天閣股份有限公司,天閣酒店華山館裝修工程,自8樓傳料口墜落,臺北市中山區林森北路76號,臺北市勞動檢查處,107/04/11,
216,-,營造業(最後修整工程業),墜落、滾落,1,四維茶業,四維茶業曬茶區塑膠浪板更換工程,四維茶業曬茶區屋頂,-,勞動部職業安全衛生署中區職業安全衛生中心,107/04/10,
217,邱O發,營造業(建物完工裝修工程業),墜落、滾落,1,羅O卿(即四維茶業),四維茶業曬茶區塑膠浪板更換工程,曬茶區,-,勞動部職業安全衛生署中區職業安全衛生中心,107/04/10,
218,-,營造業(機電、電信及電路設備安裝業),感電,1,歡樂夢想國際股份有限公司,-,大溪區,-,桃園市政府勞動檢查處,107/04/04,
219,昌一汽車股份有限公司,其他服務業(汽車維修業),被撞,1,無,無,修車廠,-,勞動部職業安全衛生署中區職業安全衛生中心,107/04/02,
220,鑫雲工程行,資訊及通訊傳播業(其他電信業),墜落、滾落,1,-,網路優化工程,-,-,高雄市政府勞工局勞動檢查處,107/04/01,
221,長鋐能源科技有限公司,營造業(冷凍、空調及管道工程業),墜落、滾落,1,-,-,-,-,勞動部職業安全衛生署中區職業安全衛生中心,107/03/29,
222,元達水電工程有限公司,營造業(機電、電信及電路設備安裝業),物體倒塌、崩塌,1,慶泰樹脂化學股份有限公司二廠,二廠新增機台電源配電工程,-,-,臺中市勞動檢查處,107/03/29,
223,旻峰工程有限公司,營造業(其他專門營造業),墜落、滾落,1,台灣電力股份有限公司核能火力發電工程處南部施工處,大林電廠更新改建計畫修理廠(修配工廠)及重件倉庫(甲棟)新建工程,重件倉庫(甲棟),-,高雄市政府勞工局勞動檢查處,107/03/29,
224,德元結構鋼材有限公司二廠,製造業(金屬建築組件製造業),被撞,1,-,-,-,彰化縣和美鎮月眉里西美路132號、150號,勞動部職業安全衛生署中區職業安全衛生中心,107/03/26,
225,冠興通運有限公司,運輸及倉儲業(汽車貨運業),被撞,1,,,1號碼頭前,桃園市蘆竹區濱海路1段238號,桃園市政府勞動檢查處,107/03/26,
226,-,營造業(其他專門營造業),墜落、滾落,1,-,○○○住宅新建工程(鋼骨工程),3樓天井鋼承鈑開口邊緣,-,勞動部職業安全衛生署中區職業安全衛生中心,107/03/23,
227,恒億光電有限公司,營造業(機電、電信及電路設備安裝業),墜落、滾落,1,,,新北市新店區玫瑰路53巷口旁城中公園,新北市新店區玫瑰路52巷口,新北市政府勞動檢查處,107/03/23,
228,三好竹木業,批發及零售業(木製建材批發業),被撞,1,無,無,木料卸料區,-,勞動部職業安全衛生署中區職業安全衛生中心,107/03/20,
229,-,營造業(整地、基礎及結構工程業),墜落、滾落,1,英銓鑄造工業股份有限公司,廠房拆除工程,廢棄廠房屋頂,-,勞動部職業安全衛生署中區職業安全衛生中心,107/03/17,
230,王OO,營造業(建築工程業),墜落、滾落,1,蘇OO,蘇OO自宅整修工程,5樓樓板鋼梁處,-,勞動部職業安全衛生署南區職業安全衛生中心,107/03/17,
231,億東營造股份有限公司,營造業(),墜落、滾落,1,全坤建設開發股份有限公司,（103建022）全坤威峰新建工程,於A棟地下1樓合梯上墜落,臺北市萬華區貴陽街2段、昆明街口,臺北市勞動檢查處,107/03/17,
232,高OO,營造業(庭園景觀工程業),溺斃,2,郭OO(自然人),私有土地景觀園藝工作,後面農地池塘內,-,勞動部職業安全衛生署南區職業安全衛生中心,107/03/16,
233,一德白鐵工程行,營造業(建物完工裝修工程業),墜落、滾落,1,林OO,林OO之農舍修繕,屋頂平台,-,桃園市政府勞動檢查處,107/03/16,
234,新豐國際開發有限公司四湖廠,製造業(家庭及衛生用紙製造業),被刺、割、擦傷,1,,,,-,勞動部職業安全衛生署中區職業安全衛生中心,107/03/15,
235,楊OO,支援服務業(綠化服務業),墜落、滾落,1,劉OO,祖塔樹木修剪,新竹縣關西鎮東光國小後方墓地,-,勞動部職業安全衛生署北區職業安全衛生中心,107/03/13,
236,聯鋼營造工程股份有限公司,營造業(其他土木工程業),墜落、滾落,1,新北市政府捷運工程局,淡海輕軌運輸系統計畫第一期統包工程,行政大樓結構工程4樓模板支撐水平繫條安裝作業場所,新北市淡水區沙崙路2段與新市六路2段交叉路口旁,勞動部職業安全衛生署北區職業安全衛生中心,107/03/12,
237,稻田營造有限公司,營造業(整地、基礎及結構工程業),物體飛落,1,臺北市政府工務局新建工程處,成功市場改建工程（連續壁工程）,1樓地面,臺北市大安區敦化南路2段112號旁工地,臺北市勞動檢查處,107/03/12,
238,雨洋工程有限公司,製造業(石油及煤製品製造業),爆炸,3,台灣中油股份有限公司煉製事業部大林煉油廠,大林廠煉五組第五/六媒組工場反應/再生/吸附系統觸媒裝卸工作,於8-3樓除粉罐(設備編號：D-6352)之人孔旁發生閃燃,高雄市小港區沿海四路50號,高雄市政府勞工局勞動檢查處,107/03/10,
239,楊子林,運輸及倉儲業(汽車貨運業),墜落、滾落,1,尚園科技股份有限公司,物料運送工作,尚園科技股份有限公司停車場,-,勞動部職業安全衛生署中區職業安全衛生中心,107/03/09,
240,德麥食品股份有限公司台中營業所,批發及零售業(其他食品批發業),墜落、滾落,1,-,-,-,-,臺中市勞動檢查處,107/03/09,
241,統楹實業有限公司,製造業(其他非金屬家具製造業),墜落、滾落,1,無,無,南投縣竹山鎮大智路108號前道路,南投縣竹山鎮大智路108號前道路,勞動部職業安全衛生署中區職業安全衛生中心,107/03/08,
242,友太營造有限公司,營造業(建築工程業),墜落、滾落,1,張oo,瑞穗鄉瑞穗段1832地號住宅新建工程,D棟主結構4樓頂屋突2層屋頂板墜落,瑞穗鄉瑞穗段1832地號,勞動部職業安全衛生署北區職業安全衛生中心,107/03/07,
243,天利工程有限公司,營造業(冷凍、空調及管道工程業),墜落、滾落,1,尚志資產開發股份有限公司,土城員和段大同莊園住宅新建一期工程,新北市土城區中央路一段315號,新北市土城區中央路一段315號,勞動部職業安全衛生署北區職業安全衛生中心,107/03/06,
244,旺德福建設企業有限公司,不動產業(不動產開發業),跌倒,1,旺德福建設企業有限公司,旺德福建設仁武區永和段新建工程,樓梯,-,高雄市政府勞工局勞動檢查處,107/03/05,
245,福壽實業股份有限公司台中港廠,製造業(食用油脂製造業),墜落、滾落,1,-,-,-,-,臺中市勞動檢查處,107/03/03,
246,禾鏵實業有限公司,製造業(),物體飛落,1,同事業單位,—,成品區,高雄市大寮區民成街96-1號,高雄市政府勞工局勞動檢查處,107/03/03,
247,成益水電材料有限公司,營造業(機電、電信及電路設備安裝業),墜落、滾落,1,,,,-,臺北市勞動檢查處,107/03/02,
248,建智營造有限公司,營造業(公用事業設施工程業),物體倒塌、崩塌,1,新北市政府水利局,新北市新莊地區污水下水道系統第二期工程第四標﹝支(分)管及用戶接管﹞,新北市新莊區民安路396巷25號後巷,-,新北市政府勞動檢查處,107/03/02,
249,翔順國際實業有限公司,製造業(產業用機械設備維修及安裝業),墜落、滾落,1,一詮精密工業股份有限公司,沖壓廠現場模保室門口隔間牆修繕工程,,-,新北市政府勞動檢查處,107/02/28,
250,漢城營造有限公司,營造業(建築工程業),墜落、滾落,1,三福開發股份有限公司,三福開發新莊全安段集合住宅新建工程,地下4層基礎版,新北市新莊區中正路340號,勞動部職業安全衛生署北區職業安全衛生中心,107/02/25,
251,新翊菖營造有限公司,營造業(),墜落、滾落,1,-,南投市牛運堀段住宅興建工程,於A3棟外牆施工架第6層工作臺上(高度約10.2公尺)從事作業，由施工架工作臺外側交叉拉桿下方之開口部分墜落至地面。,南投縣南投市彰南路二段與祖祠路附近,勞動部職業安全衛生署中區職業安全衛生中心,107/02/22,
252,錦興五金企業行,批發及零售業(金屬建材批發業),物體倒塌、崩塌,1,-,-,倉庫,-,桃園市政府勞動檢查處,107/02/20,
253,鮪豐水產股份有限公司,農、林、漁、牧業(海洋漁業),溺斃,1,-,-,-,-,勞動部職業安全衛生署南區職業安全衛生中心,107/02/16,
254,台拓機電顧問有限公司,專業、科學及技術服務業(工程服務及相關技術顧問業),感電,1,,電氣顧問及年度高壓變電站保養檢測工作,景碩科技股份有限公司清華一廠,-,勞動部職業安全衛生署北區職業安全衛生中心,107/02/15,
255,泰承木業有限公司,製造業(合板及組合木材製造業),墜落、滾落,1,-,-,廠內,-,勞動部職業安全衛生署南區職業安全衛生中心,107/02/13,
256,-,營造業(其他專門營造業),墜落、滾落,1,泰祥木材行,泰祥木材行倉庫拆除工程,-,-,勞動部職業安全衛生署中區職業安全衛生中心,107/02/09,
257,嘉順營造有限公司,營造業(建築工程業),墜落、滾落,1,_,華邑萬象新建工程,自本建築物R1樓(屋突層)電梯井開口處墜落，墜落至地下室2樓地面,桃園市中壢區中山路261號,勞動部職業安全衛生署北區職業安全衛生中心,107/02/06,
258,中華紙漿股份有限公司台東廠,製造業(紙張製造業),物體倒塌、崩塌,1,中華紙漿股份有限公司台東廠,-,廢紙堆置場內,-,勞動部職業安全衛生署南區職業安全衛生中心,107/02/06,
259,正大汽車貨運有限公司,運輸及倉儲業(汽車貨運業),物體倒塌、崩塌,1,正隆股份有限公司,,台中市清水區北堤路1之9號,台中市清水區北堤路1之9號,勞動部職業安全衛生署中區職業安全衛生中心,107/02/05,
260,全統西點麵包有限公司,製造業(烘焙炊蒸食品製造業),感電,1,-,-,臺北市士林區天母東路36之4號地下一樓,臺北市士林區天母東路36之4號1樓,臺北市勞動檢查處,107/02/05,
261,萬代福營造有限公司,營造業(建築工程業),墜落、滾落,1,佳泰建設股份有限公司,崇德段建築物結構體工程,於地下室4樓車道斜坡上使用合梯從事作業，因合梯傾倒而墜落至地面,臺中市北屯區崇德五路與河北西街口工地,勞動部職業安全衛生署中區職業安全衛生中心,107/02/03,
262,鴻成汽車貨運有限公司,運輸及倉儲業(汽車貨運業),墜落、滾落,1,永裕鋼鐵工程股份有限公司,,,-,新北市政府勞動檢查處,107/02/03,
263,趙營工程有限公司,營造業(冷凍、空調及管道工程業),被夾、被捲,1,-,錏磷包裝線H-707皮輸機皮帶維修及調整作業,台灣肥料股份有限公司台中廠,-,臺中市勞動檢查處,107/02/02,
264,友和耐火材料工業股份有限公司,製造業(耐火材料製造業),墜落、滾落,1,,,友和耐火材料工業股份有限公司MB-1原料倉庫,高雄市大寮區仁愛路336號,高雄市政府勞工局勞動檢查處,107/02/02,
265,禾興企業有限公司,製造業(),墜落、滾落,1,-,1057系列船裝管鐵電艤品安裝電銲長約工作,台灣國際造船股份有限公司fitting shop FT-10-1廠房,高雄市小港區中鋼路3號,高雄市政府勞工局勞動檢查處,107/02/01,
266,禧港小吃店,住宿及餐飲業(餐館),爆炸,4,-,-,從事餐館作業致受傷案件,高雄市小港區山明路291號,高雄市政府勞工局勞動檢查處,107/02/01,
267,長邑營造股份有限公司,營造業(建築工程業),墜落、滾落,1,宏晟開發建設有限公司,台中市西屯區福星段大樓新建工程,地下3樓擋土支撐,臺中市西屯區烈美街與漢翔路口工地,勞動部職業安全衛生署中區職業安全衛生中心,107/01/31,
268,龍疆國際企業股份有限公司,製造業(),墜落、滾落,1,,,,-,新北市政府勞動檢查處,107/01/31,
269,臺灣嘉南農田水利會,其他服務業(農民團體),溺斃,1,-,-,臺南市柳營區神農里新厝高幹20號電桿旁之灌溉渠道內,-,勞動部職業安全衛生署南區職業安全衛生中心,107/01/29,
270,-,營造業(最後修整工程業),溺斃,1,立益紡織股份有限公司,-,平鎮區,-,桃園市政府勞動檢查處,107/01/29,
271,永合營造有限公司,營造業(建築工程業),墜落、滾落,1,春誠開發建設有限公司,布拉格麗景新建工程,擋土鋼軌樁壓梁平台處,桃園市大園區拔子林一路171號對面,勞動部職業安全衛生署北區職業安全衛生中心,107/01/25,
272,廖OO、蔡OO(即源慶順工程行),營造業(機電、電信及電路設備安裝業),墜落、滾落,1,陳OO,陳OO住宅新建工程,2樓樓板開口,-,勞動部職業安全衛生署中區職業安全衛生中心,107/01/23,
273,錦興五金企業行,批發及零售業(金屬建材批發業),物體倒塌、崩塌,1,無,無,錦興五金企業行倉庫,桃園市大溪區南興路一段151 巷150弄149號,桃園市政府勞動檢查處,107/01/22,
274,元晶太陽能科技股份有限公司,製造業(其他電力設備製造業),墜落、滾落,1,-,-,5樓之隔間牆處,-,勞動部職業安全衛生署南區職業安全衛生中心,107/01/19,
275,鋼鑫工程有限公司,營造業(整地、基礎及結構工程業),墜落、滾落,1,川代企業有限公司,川代企業有限公司廠房增建工程,臺南市新化區崙頂里1鄰崙子頂1-170號後方之本工程之鋼構西側牆面(內側)C型鋼組立處,-,勞動部職業安全衛生署南區職業安全衛生中心,107/01/18,
276,華鴻紙業股份有限公司竹南廠,製造業(瓦楞紙板及紙容器製造業),墜落、滾落,1,,-,於軋格板區屋頂，掉落至地面。,-,勞動部職業安全衛生署中區職業安全衛生中心,107/01/17,
277,禾畚興業有限公司,批發及零售業(電子設備及其零組件批發業),墜落、滾落,1,國家中山科學研究院(資訊通信研究所),寬頻測向機等7項案之鐵塔工程,於鐵塔上方墜落至鐵塔下方爬梯附近之地面,-,勞動部職業安全衛生署中區職業安全衛生中心,107/01/16,
278,鐶琪塑膠股份有限公司中港分公司,製造業(塑膠皮、板及管材製造業),爆炸,1,-,-,射出組作業區之射出成型機,-,經濟部加工出口區管理處,107/01/16,
279,基隆汽車客運股份有限公司,運輸及倉儲業(其他汽車客運業),與有害物等之接觸,1,-,-,保修廠廁所,-,勞動部職業安全衛生署北區職業安全衛生中心,107/01/15,
280,狀元庭園綠化有限公司,支援服務業(綠化服務業),墜落、滾落,1,慧?國際有限公司,,慧?溫泉會館,-,臺北市勞動檢查處,107/01/15,
281,-,營造業(其他專門營造業),墜落、滾落,1,桃園市立仁和國民中學,-,大溪區,-,桃園市政府勞動檢查處,107/01/13,
282,-,營造業(其他專門營造業),墜落、滾落,1,來旺機械與財旺機械股份有限公司,-,觀音區,-,桃園市政府勞動檢查處,107/01/12,
283,鼎強浪板有限公司,製造業(),墜落、滾落,1,新可大國際股份有限公司一廠,2樓組裝線隔樓工程,-,-,臺中市勞動檢查處,107/01/12,
284,玉山空調有限公司,營造業(冷凍、空調及管道工程業),墜落、滾落,1,嘉楠風華酒店股份有限公司,嘉楠風華酒店增建後棟、空中酒吧及副棟工程,後棟北側外牆施工架第9層處,嘉義市西區四維路232號,勞動部職業安全衛生署南區職業安全衛生中心,107/01/11,
285,偉孚興業股份有限公司,批發及零售業(家用電器批發業),物體倒塌、崩塌,1,-,集塵設備拆除及安裝作業,偉孚興業股份有限公司,-,臺中市勞動檢查處,107/01/11,
286,昇福工程有限公司,營造業(冷凍、空調及管道工程業),與有害物等之接觸,1,台灣塑膠工業股份有限公司林園廠,林園廠區設備及管線拆清修改預約工,V808臥式圓筒型熱媒熔解槽,高雄市林園區溪州里石化一路1號,高雄市政府勞工局勞動檢查處,107/01/05,
287,德元營造股份有限公司,營造業(建築工程業),墜落、滾落,1,新太原通運股份有限公司,線西鄉西興段69地號新建工程,高約12公尺之環樑上攀爬C型鋼至屋簷時墜落至地面,彰化縣線西鄉西興段69地號,勞動部職業安全衛生署中區職業安全衛生中心,107/01/04,
288,力能能源科技股份有限公司,營造業(機電、電信及電路設備安裝業),墜落、滾落,1,無,設置太陽能發電設備及設備管線工程,宜聯鋼鐵股份有限公司廠房屋頂,宜蘭縣冬山鄉大安路451號,勞動部職業安全衛生署北區職業安全衛生中心,107/01/03,
289,-,運輸及倉儲業(汽車貨運業),被撞,1,京通企業有限公司,-,平鎮區,-,桃園市政府勞動檢查處,107/01/03,
290,-,營造業(其他土木工程業),墜落、滾落,1,-,-,-,-,勞動部職業安全衛生署中區職業安全衛生中心,107/01/02,
291,利德工程股份有限公司,營造業(),墜落、滾落,1,臺中市政府建設局,中科南向聯外道路新闢跨越大甲溪橋梁及南引道工程,P4橋墩北側懸臂工作車後步道,-,臺中市勞動檢查處,106/12/29,
292,正全大理石工業股份有限公司,製造業(石材製品製造業),墜落、滾落,1,,勞工從事固定式起重機維修作業,正全大理石工業股份有限公司石板堆置區,-,勞動部職業安全衛生署北區職業安全衛生中心,106/12/28,
293,詮萬吉有限公司,營造業(其他建築設備安裝業),墜落、滾落,1,品青企業股份有限公司,品青企業股份有限公司新廠房倉庫1及2樓間夾層樓板補強工程,品青企業股份有限公司新廠房倉庫,-,勞動部職業安全衛生署北區職業安全衛生中心,106/12/27,
294,裕益汽車股份有限公司屏東分公司,其他服務業(汽車維修業),被撞,1,-,-,保養廠區內之小貨車檢修區5號車位,屏東縣屏東市建國路386號,勞動部職業安全衛生署南區職業安全衛生中心,106/12/26,
295,勝堡村營造工程股份有限公司,營造業(),墜落、滾落,1,新光人壽保險股份有限公司,（103建182）新光人壽承德企業大樓新建工程,從車道上方處合梯墜落至車道,臺北市大同區承德路3段186號,臺北市勞動檢查處,106/12/26,
296,-,營造業(),墜落、滾落,1,-,（105建097）李○○住宅新建工程,於6樓吊料時墜落至1樓電梯井內,臺北市萬華區西園路2段372巷3弄34號,臺北市勞動檢查處,106/12/26,
297,瀧鐿實業有限公司,營造業(最後修整工程業),墜落、滾落,1,-,廠房屋頂烤漆浪板修繕工程,於屋頂塑膠材質採光罩墜落,-,新北市政府勞動檢查處,106/12/26,
298,根基營造股份有限公司,批發及零售業(),墜落、滾落,1,冠德建設股份有限公司,冠德A19聯開案新建工程,於C棟R5，9樓樓梯間工作台上墜落,桃園市中壢區高鐵南路3段領航北路1段,勞動部職業安全衛生署北區職業安全衛生中心,106/12/25,
299,大陸工程股份有限公司,營造業(建築工程業),墜落、滾落,1,尚志資產開發股份有限公司,志資產開發股份有限公司土城員和段大同莊園住宅新建一期工程,於A棟5樓消防管道間墜落,新北市土城區中央路一段315號,勞動部職業安全衛生署北區職業安全衛生中心,106/12/25,
300,隆大營建事業股份有限公司,營造業(建築工程業),物體倒塌、崩塌,1,國泰建設股份有限公司,國泰文林硯新建工程,B棟地下三樓X3Line與Y4、Y5Line處結構牆東側,台南市北區海安路三段與文成五街交叉路口,勞動部職業安全衛生署南區職業安全衛生中心,106/12/25,
301,徐OO,支援服務業(建築物一般清潔服務業),墜落、滾落,1,,,,-,新北市政府勞動檢查處,106/12/24,
302,三石開發建設有限公司,不動產業(不動產開發業),墜落、滾落,1,-,善化區大樓(原弘泰醫院)修繕工程,外牆施工架,-,勞動部職業安全衛生署南區職業安全衛生中心,106/12/23,
303,明發營造股份有限公司,營造業(),墜落、滾落,1,臺中市政府建設局,臺中市第14期市地重劃第三工區工程,共同管道內,臺中市北屯區崇德八路及昌平東七路口,臺中市勞動檢查處,106/12/21,
304,-,營造業(),墜落、滾落,1,-,OOO住宅頂樓鐵皮屋修繕工程,住宅後側(南側),-,勞動部職業安全衛生署南區職業安全衛生中心,106/12/19,
305,-,營造業(機電、電信及電路設備安裝業),墜落、滾落,1,-,東方科學園區購物廣場電梯增設工程,於地下1樓電梯井因施工平臺翻覆而墜落至地下3樓,-,新北市政府勞動檢查處,106/12/14,
306,湘宜企業股份有限公司,製造業(其他化學製品製造業),火災,1,-,-,湘宜企業股份有限公司合成廠Ｂ區4樓,宜蘭縣冬山鄉大興村德興9路1號,勞動部職業安全衛生署北區職業安全衛生中心,106/12/13,
307,-,營造業(其他專門營造業),墜落、滾落,1,富安祥有限公司,富安祥工廠整修工程,冷卻機房外牆第2~3層施工架墜落,-,勞動部職業安全衛生署中區職業安全衛生中心,106/12/13,
308,亞賜金屬工程有限公司,製造業(金屬建築組件製造業),墜落、滾落,1,-,-,雲林縣崙背鄉西榮村民享路3號,雲林縣崙背鄉東明村民權路171- 2號1樓,勞動部職業安全衛生署中區職業安全衛生中心,106/12/12,
309,楊OO,營造業(機電、電信及電路設備安裝業),墜落、滾落,1,瑞峰精密工業有限公司,廠房水電管線修繕工程,瑞峰精密工業有限公司,-,勞動部職業安全衛生署中區職業安全衛生中心,106/12/11,
310,-,營造業(最後修整工程業),墜落、滾落,1,-,民宅修繕工程,於地上4樓外牆第一層施工架墜落,-,新北市政府勞動檢查處,106/12/09,
311,國城營造有限公司,營造業(建築工程業),墜落、滾落,1,櫻花建設股份有限公司,櫻花建設13樓店舖集合住宅新建工程,於B棟屋突一層電梯井墜落至地下3樓電梯井地面,臺中市北屯區祥順東路2段與祥順六街口新建工程工地,勞動部職業安全衛生署中區職業安全衛生中心,106/12/08,
312,楊OO(即勝福6號漁船),農、林、漁、牧業(漁撈業),溺斃,1,,,南雅漁港港口處,-,新北市政府勞動檢查處,106/12/08,
313,象乾有限公司,營造業(機電、電信及電路設備安裝業),物體飛落,1,鑫禾科技股份有限公司,-,於地下3樓空壓機房遭射出的盲板擊中,-,新北市政府勞動檢查處,106/12/07,
314,高輪貨櫃倉儲交通事業股份有限公司,運輸及倉儲業(汽車貨運業),物體倒塌、崩塌,1,,,協勝發鋼鐵廠股份有限公司貨櫃卸貨區第7車道處,高雄市小港區光陽街7號,高雄市政府勞工局勞動檢查處,106/12/06,
315,宏林營造廠股份有限公司,營造業(),墜落、滾落,1,長虹建設股份有限公司,（103建141）長虹天蔚集合住宅新建工程,於地下1樓電梯口旁合梯上墜落,臺北市北投區三合街1段118巷2號,臺北市勞動檢查處,106/12/03,
316,彰興營造股份有限公司,營造業(),墜落、滾落,1,-,砂石搬運作業,-,-,臺中市勞動檢查處,106/12/02,
317,鄧○○,營造業(其他專門營造業),墜落、滾落,1,李○○,李oo農業資材室新建工程,屋頂,-,勞動部職業安全衛生署中區職業安全衛生中心,106/12/01,
